ad_link,prop_type,landlord_name,landlord_phone,landlord_email
https://revimmo.be/propriete/4450220-brussels-appartement-terrasse,apartment,Revimmo Brussels,02/217.00.32,
https://revimmo.be/propriete/5151497-manage-maison-jardin-terrasse,house,Revimmo Brussels,02/217.00.32,
https://revimmo.be/propriete/5151372-saint-ghislain-soignies-casteau-maison-jardin-terrasse,house,Revimmo Brussels,02/217.00.32,
https://revimmo.be/propriete/4286915-brussels-woluwe-saint-pierre-maison-jardin-terrasse,house,Revimmo Brussels,02/217.00.32,
https://revimmo.be/propriete/4764287-brussels-woluwe-saint-pierre-maison-jardin,house,Revimmo Brussels,02/217.00.32,
https://revimmo.be/propriete/4766248-brussels-waterloo-maison-jardin-terrasse,house,Revimmo Brussels,02/217.00.32,
https://revimmo.be/propriete/4766597-brussels-waterloo-maison-jardin-terrasse,house,Revimmo Brussels,02/217.00.32,
https://revimmo.be/propriete/5288417-charleroi-charleroi-jumet-maison-jardin-terrasse,house,Revimmo Brussels,02/217.00.32,
https://revimmo.be/propriete/5282555-la-louviere-houdeng-goegnies-maison-terrasse,house,Revimmo Brussels,02/217.00.32,
https://revimmo.be/propriete/5278043-charleroi-thuin-maison-jardin-terrasse,house,Revimmo Brussels,02/217.00.32,
https://revimmo.be/propriete/5291195-brussels-ixelles-appartement-terrasse,apartment,Revimmo Brussels,02/217.00.32,
https://revimmo.be/propriete/5283080-brussels-ixelles-appartement-terrasse,apartment,Revimmo Brussels,02/217.00.32,
https://revimmo.be/propriete/5291208-brussels-ixelles-appartement-terrasse,apartment,Revimmo Brussels,02/217.00.32,
https://revimmo.be/propriete/5286291-brussels-uccle-appartement-jardin-terrasse,apartment,Revimmo Brussels,02/217.00.32,
https://revimmo.be/propriete/5286213-brussels-uccle-appartement-terrasse,apartment,Revimmo Brussels,02/217.00.32,
https://revimmo.be/propriete/5286224-brussels-uccle-appartement,apartment,Revimmo Brussels,02/217.00.32,
https://revimmo.be/propriete/5286219-brussels-uccle-appartement-terrasse,apartment,Revimmo Brussels,02/217.00.32,
https://revimmo.be/propriete/5286241-brussels-uccle-appartement-terrasse,apartment,Revimmo Brussels,02/217.00.32,
https://revimmo.be/propriete/5226992-brussels-bruxelles-appartement-terrasse,apartment,Revimmo Brussels,02/217.00.32,
https://revimmo.be/propriete/4450118-brussels-uccle-appartement-terrasse,apartment,Revimmo Brussels,02/217.00.32,
https://revimmo.be/propriete/5283193-brussels-ixelles-garage-parking,apartment,Revimmo Brussels,02/217.00.32,
https://revimmo.be/propriete/5274989-binche-terrain,apartment,Revimmo Brussels,02/217.00.32,
https://revimmo.be/propriete/5250965-brussels-berchem-sainte-agathe-bureau,apartment,Revimmo Brussels,02/217.00.32,
https://revimmo.be/propriete/5239153-brussels-berchem-sainte-agathe-commerce,apartment,Revimmo Brussels,02/217.00.32,
https://revimmo.be/propriete/5261997-brussels-uccle-commerce,apartment,Revimmo Brussels,02/217.00.32,
https://revimmo.be/propriete/5260552-la-louviere-commerce,apartment,Revimmo Brussels,02/217.00.32,
https://revimmo.be/propriete/5283084-brussels-woluwe-saint-pierre-commerce,apartment,Revimmo Brussels,02/217.00.32,
https://revimmo.be/propriete/5283083-brussels-ixelles-appartement-terrasse,apartment,Revimmo Brussels,02/217.00.32,
https://revimmo.be/propriete/5098232-brussels-bruxelles-bureau,apartment,Revimmo Brussels,02/217.00.32,
https://revimmo.be/propriete/5283075-brussels-ixelles-appartement-terrasse,apartment,Revimmo Brussels,02/217.00.32,
https://revimmo.be/propriete/5200920-charleroi-charleroi-monceau-sur-sambre-commerce,apartment,Revimmo Brussels,02/217.00.32,
https://revimmo.be/propriete/5286176-brussels-uccle-appartement-terrasse,apartment,Revimmo Brussels,02/217.00.32,
https://revimmo.be/propriete/5230488-brussels-saint-gilles-industriel,apartment,Revimmo Brussels,02/217.00.32,
https://revimmo.be/propriete/5273555-saint-ghislain-saint-ghislain-commerce,apartment,Revimmo Brussels,02/217.00.32,
https://revimmo.be/propriete/5203488-la-louviere-bureau,apartment,Revimmo Brussels,02/217.00.32,
https://revimmo.be/propriete/5226971-brussels-bruxelles-appartement,apartment,Revimmo Brussels,02/217.00.32,
https://revimmo.be/propriete/5289484-brussels-uccle-appartement-terrasse,apartment,Revimmo Brussels,02/217.00.32,
https://revimmo.be/propriete/5095757-brussels-ixelles-commerce,apartment,Revimmo Brussels,02/217.00.32,
https://revimmo.be/propriete/5287656-brussels-woluwe-saint-pierre-appartement-terrasse,apartment,Revimmo Brussels,02/217.00.32,
https://revimmo.be/propriete/5211479-brussels-bruxelles-appartement,apartment,Revimmo Brussels,02/217.00.32,
https://revimmo.be/propriete/5283079-brussels-bruxelles-appartement,apartment,Revimmo Brussels,02/217.00.32,
https://revimmo.be/propriete/5258956-charleroi-charleroi-commerce,apartment,Revimmo Brussels,02/217.00.32,
https://revimmo.be/propriete/5286598-brussels-ixelles-garage-parking,apartment,Revimmo Brussels,02/217.00.32,
https://revimmo.be/propriete/5212467-brussels-saint-gilles-garage-parking,apartment,Revimmo Brussels,02/217.00.32,
https://revimmo.be/propriete/5268656-saint-ghislain-bernissart-pommeroeul-appartement,apartment,Revimmo Brussels,02/217.00.32,
https://revimmo.be/propriete/5291343-nivelles-appartement-terrasse,apartment,Revimmo Brussels,02/217.00.32,
https://revimmo.be/propriete/5281095-saint-ghislain-mons-appartement-terrasse,apartment,Revimmo Brussels,02/217.00.32,
https://revimmo.be/propriete/5098234-brussels-bruxelles-bureau,apartment,Revimmo Brussels,02/217.00.32,
https://revimmo.be/propriete/5269072-saint-ghislain-saint-ghislain-hautrage-appartement-terrasse,apartment,Revimmo Brussels,02/217.00.32,
https://revimmo.be/propriete/5279886-saint-ghislain-mons-commerce,apartment,Revimmo Brussels,02/217.00.32,
